URL,Lastmod,Changefreq,Priority
https://modelguru.deepseek.diy/,2025-04-10,daily,1.0
https://modelguru.deepseek.diy/about,2025-04-10,weekly,0.9
https://modelguru.deepseek.diy/blog,2025-04-10,weekly,0.9
https://modelguru.deepseek.diy/career,2025-04-09,weekly,0.9
https://modelguru.deepseek.diy/faq,2025-04-10,weekly,0.9
https://modelguru.deepseek.diy/login,2025-04-10,weekly,0.9
https://modelguru.deepseek.diy/models,2025-04-10,weekly,0.9
https://modelguru.deepseek.diy/platforms,2025-04-10,weekly,0.9
https://modelguru.deepseek.diy/privacy,2025-04-10,weekly,0.9
https://modelguru.deepseek.diy/reports,2025-04-10,weekly,0.9
https://modelguru.deepseek.diy/terms,2025-04-10,weekly,0.9
https://modelguru.deepseek.diy/testimonials,2025-04-10,weekly,0.9